Date,Close
10/1/2012 16:00:00,36.02
10/2/2012 16:00:00,36.15
10/3/2012 16:00:00,36.57
10/4/2012 16:00:00,36.87
10/5/2012 16:00:00,37.13
10/8/2012 16:00:00,37.15
10/9/2012 16:00:00,36.88
10/10/2012 16:00:00,36.63
10/11/2012 16:00:00,36.87
10/12/2012 16:00:00,36.76
10/15/2012 16:00:00,37.28
10/16/2012 16:00:00,37.8
10/17/2012 16:00:00,38.56
10/18/2012 16:00:00,38.81
10/19/2012 16:00:00,38.19
10/22/2012 16:00:00,38.45
10/23/2012 16:00:00,37.74
10/24/2012 16:00:00,37.77
10/25/2012 16:00:00,38.66
10/26/2012 16:00:00,37.85
10/31/2012 16:00:00,37.87
11/1/2012 16:00:00,38.85
11/2/2012 16:00:00,38.75
11/5/2012 16:00:00,38.66
11/6/2012 16:00:00,38.97
11/7/2012 16:00:00,38.65
11/8/2012 16:00:00,38.27
11/9/2012 16:00:00,39.16
11/12/2012 16:00:00,38.46
11/13/2012 16:00:00,38.41
11/14/2012 16:00:00,37.83
11/15/2012 16:00:00,37.39
11/16/2012 16:00:00,37.25
11/19/2012 16:00:00,38.24
11/20/2012 16:00:00,38.18
11/21/2012 16:00:00,38.3
11/23/2012 16:00:00,39.08
11/26/2012 16:00:00,38.48
11/27/2012 16:00:00,38.12
11/28/2012 16:00:00,38.66
11/29/2012 16:00:00,38.6
11/30/2012 16:00:00,38.66
12/3/2012 16:00:00,38.38
12/4/2012 16:00:00,37.78
12/5/2012 16:00:00,37.21
12/6/2012 16:00:00,37.56
12/7/2012 16:00:00,37.91
12/10/2012 16:00:00,37.87
12/11/2012 16:00:00,37.85
12/12/2012 16:00:00,37.87
12/13/2012 16:00:00,37.71
12/14/2012 16:00:00,37.72
12/17/2012 16:00:00,38.6
12/18/2012 16:00:00,39.32
12/19/2012 16:00:00,39.06
12/20/2012 16:00:00,36.99
12/21/2012 16:00:00,37.02
12/24/2012 16:00:00,37.08
12/26/2012 16:00:00,36.6
12/27/2012 16:00:00,36.7
12/28/2012 16:00:00,36.03
12/31/2012 16:00:00,36.77
1/2/2013 16:00:00,37.5
1/3/2013 16:00:00,37.03
1/4/2013 16:00:00,37.06
1/7/2013 16:00:00,36.94
1/8/2013 16:00:00,37
1/9/2013 16:00:00,37.1
1/10/2013 16:00:00,37.14
1/11/2013 16:00:00,37.03
1/14/2013 16:00:00,37.37
1/15/2013 16:00:00,37.65
1/16/2013 16:00:00,37.82
1/17/2013 16:00:00,38.19
1/18/2013 16:00:00,38.58
1/22/2013 16:00:00,38.43
1/23/2013 16:00:00,38.67
1/24/2013 16:00:00,38.9
1/25/2013 16:00:00,39.12
1/28/2013 16:00:00,39.03
1/29/2013 16:00:00,38.72
1/30/2013 16:00:00,38.89
1/31/2013 16:00:00,38.72
2/1/2013 16:00:00,39.15
2/4/2013 16:00:00,38.49
2/5/2013 16:00:00,38.56
2/6/2013 16:00:00,38.8
2/7/2013 16:00:00,38.98
2/8/2013 16:00:00,39.01
2/11/2013 16:00:00,38.72
2/12/2013 16:00:00,39.02
2/13/2013 16:00:00,37.46
2/14/2013 16:00:00,37.35
2/15/2013 16:00:00,36.92
2/19/2013 16:00:00,36.51
2/20/2013 16:00:00,35.43
2/21/2013 16:00:00,35.36
2/22/2013 16:00:00,34.99
2/25/2013 16:00:00,34.43
2/26/2013 16:00:00,34.63
2/27/2013 16:00:00,35.55
2/28/2013 16:00:00,35.77
3/1/2013 16:00:00,35.85
3/4/2013 16:00:00,36.14
3/5/2013 16:00:00,36.2
3/6/2013 16:00:00,36.14
3/7/2013 16:00:00,36.24
3/8/2013 16:00:00,35.67
3/11/2013 16:00:00,35.64
3/12/2013 16:00:00,35.34
3/13/2013 16:00:00,35.71
3/14/2013 16:00:00,35.73
3/15/2013 16:00:00,34.95
3/18/2013 16:00:00,33.92
3/19/2013 16:00:00,33.21
3/20/2013 16:00:00,33.64
3/21/2013 16:00:00,33.63
3/22/2013 16:00:00,34.04
3/25/2013 16:00:00,33.64
3/26/2013 16:00:00,33.77
3/27/2013 16:00:00,33.63
3/28/2013 16:00:00,34.3
4/1/2013 16:00:00,33.96
4/2/2013 16:00:00,34.22
4/3/2013 16:00:00,33.63
4/4/2013 16:00:00,33.1
4/5/2013 16:00:00,33.55
4/8/2013 16:00:00,33.74
4/9/2013 16:00:00,33.93
4/10/2013 16:00:00,34.08
4/11/2013 16:00:00,34.12
4/12/2013 16:00:00,34.13
4/15/2013 16:00:00,33.17
4/16/2013 16:00:00,33.31
4/17/2013 16:00:00,33.23
4/18/2013 16:00:00,33.27
4/19/2013 16:00:00,33.39
4/22/2013 16:00:00,33.16
4/23/2013 16:00:00,33.53
4/24/2013 16:00:00,33.32
4/25/2013 16:00:00,34.61
4/26/2013 16:00:00,34.46
4/29/2013 16:00:00,34.82
4/30/2013 16:00:00,34.51
5/1/2013 16:00:00,33.93
5/2/2013 16:00:00,34.4
5/3/2013 16:00:00,35.34
5/6/2013 16:00:00,35.05
5/7/2013 16:00:00,35.54
5/8/2013 16:00:00,35.61
5/9/2013 16:00:00,35.22
5/10/2013 16:00:00,35.12
5/13/2013 16:00:00,34.79
5/14/2013 16:00:00,35.2
5/15/2013 16:00:00,35.05
5/16/2013 16:00:00,34.96
5/17/2013 16:00:00,35
5/20/2013 16:00:00,35.32
5/21/2013 16:00:00,33.81
5/22/2013 16:00:00,33.04
5/23/2013 16:00:00,32.99
5/24/2013 16:00:00,32.88
5/28/2013 16:00:00,33
5/29/2013 16:00:00,33.1
5/30/2013 16:00:00,33.51
5/31/2013 16:00:00,33.1
6/3/2013 16:00:00,32.66
6/4/2013 16:00:00,32.36
6/5/2013 16:00:00,32.2
6/6/2013 16:00:00,32.23
6/7/2013 16:00:00,32.71
6/10/2013 16:00:00,32.47
6/11/2013 16:00:00,32.34
6/12/2013 16:00:00,32.72
6/13/2013 16:00:00,33.92
6/14/2013 16:00:00,33.84
6/17/2013 16:00:00,33.7
6/18/2013 16:00:00,34.31
6/19/2013 16:00:00,33.82
6/20/2013 16:00:00,33.44
6/21/2013 16:00:00,33.43
6/24/2013 16:00:00,33.22
6/25/2013 16:00:00,34.89
6/26/2013 16:00:00,34.78
6/27/2013 16:00:00,34.29
6/28/2013 16:00:00,34.29
7/1/2013 16:00:00,34.65
7/2/2013 16:00:00,34.88
7/3/2013 16:00:00,34.85
7/5/2013 16:00:00,35.19
7/8/2013 16:00:00,35.11
7/9/2013 16:00:00,35.16
7/10/2013 16:00:00,35.37
7/11/2013 16:00:00,36.03
7/12/2013 16:00:00,36.06
7/15/2013 16:00:00,36.04
7/16/2013 16:00:00,36.25
7/17/2013 16:00:00,36.3
7/18/2013 16:00:00,36.66
7/19/2013 16:00:00,36.63
7/22/2013 16:00:00,36.51
7/23/2013 16:00:00,36.72
7/24/2013 16:00:00,36.92
7/25/2013 16:00:00,36.91
7/26/2013 16:00:00,37.36
7/29/2013 16:00:00,37.05
7/30/2013 16:00:00,36.99
7/31/2013 16:00:00,37.03
8/1/2013 16:00:00,37.71
8/2/2013 16:00:00,37.7
8/5/2013 16:00:00,37.68
8/6/2013 16:00:00,37.35
8/7/2013 16:00:00,37
8/8/2013 16:00:00,36.93
8/9/2013 16:00:00,36.51
8/12/2013 16:00:00,36.29
8/13/2013 16:00:00,36.59
8/14/2013 16:00:00,36.91
8/15/2013 16:00:00,36.69
8/16/2013 16:00:00,36.52
8/19/2013 16:00:00,35.89
8/20/2013 16:00:00,36.16
8/21/2013 16:00:00,36.43
8/22/2013 16:00:00,37.41
8/23/2013 16:00:00,37.37
8/26/2013 16:00:00,37.48
8/27/2013 16:00:00,36.57
8/28/2013 16:00:00,35.97
8/29/2013 16:00:00,36.07
8/30/2013 16:00:00,36.09
9/3/2013 16:00:00,35.98
9/4/2013 16:00:00,35.88
9/5/2013 16:00:00,35.94
9/6/2013 16:00:00,35.86
9/9/2013 16:00:00,36.43
9/10/2013 16:00:00,37.19
9/11/2013 16:00:00,37.41
9/12/2013 16:00:00,37.18
9/13/2013 16:00:00,37.43
9/16/2013 16:00:00,37.34
9/17/2013 16:00:00,37.62
9/18/2013 16:00:00,37.65
9/19/2013 16:00:00,37.7
9/20/2013 16:00:00,37.08
9/23/2013 16:00:00,37.4
9/24/2013 16:00:00,34.54
9/25/2013 16:00:00,32.7
9/26/2013 16:00:00,32.93
9/27/2013 16:00:00,32.88
9/30/2013 16:00:00,32.64
10/1/2013 16:00:00,32.58
10/2/2013 16:00:00,32.33
10/3/2013 16:00:00,32.36
10/4/2013 16:00:00,32.43
10/7/2013 16:00:00,32.19
10/8/2013 16:00:00,31.72
10/9/2013 16:00:00,31.6
10/10/2013 16:00:00,31.86
10/11/2013 16:00:00,32.25
10/14/2013 16:00:00,32.1
10/15/2013 16:00:00,31.96
10/16/2013 16:00:00,32.16
10/17/2013 16:00:00,32.89
10/18/2013 16:00:00,32.74
10/21/2013 16:00:00,33.48
10/22/2013 16:00:00,34.18
10/23/2013 16:00:00,33.85
10/24/2013 16:00:00,34.69
10/25/2013 16:00:00,34.63
10/28/2013 16:00:00,34.89
10/29/2013 16:00:00,34.97
10/30/2013 16:00:00,34.9
10/31/2013 16:00:00,34.65
11/1/2013 16:00:00,34.84
11/4/2013 16:00:00,35.2
11/5/2013 16:00:00,35.39
11/6/2013 16:00:00,36.32
11/7/2013 16:00:00,35.66
11/8/2013 16:00:00,36.27
11/11/2013 16:00:00,36.1
11/12/2013 16:00:00,35.67
11/13/2013 16:00:00,35.83
11/14/2013 16:00:00,36.11
11/15/2013 16:00:00,36
11/18/2013 16:00:00,35.67
11/19/2013 16:00:00,35.61
11/20/2013 16:00:00,35.75
11/21/2013 16:00:00,35.88
11/22/2013 16:00:00,36.12
11/25/2013 16:00:00,36.3
11/26/2013 16:00:00,35.96
11/27/2013 16:00:00,36.19
11/29/2013 16:00:00,36.11
12/2/2013 16:00:00,36.08
12/3/2013 16:00:00,35.85
12/4/2013 16:00:00,35.55
12/5/2013 16:00:00,34.99
12/6/2013 16:00:00,35.34
12/9/2013 16:00:00,35.6
12/10/2013 16:00:00,35.69
12/11/2013 16:00:00,35.38
12/12/2013 16:00:00,35.34
12/13/2013 16:00:00,35.99
12/16/2013 16:00:00,36.47
12/17/2013 16:00:00,36.55
12/18/2013 16:00:00,37.11
12/19/2013 16:00:00,38.05
12/20/2013 16:00:00,38.85
12/23/2013 16:00:00,39.15
12/24/2013 16:00:00,39.44
12/26/2013 16:00:00,39.54
12/27/2013 16:00:00,39.89
12/30/2013 16:00:00,40.14
12/31/2013 16:00:00,40.17
1/2/2014 16:00:00,39.81
1/3/2014 16:00:00,39.85
1/6/2014 16:00:00,39.23
1/7/2014 16:00:00,39.49
1/8/2014 16:00:00,39.4
1/9/2014 16:00:00,39.96
1/10/2014 16:00:00,41.25
1/13/2014 16:00:00,41.42
1/14/2014 16:00:00,41.52
1/15/2014 16:00:00,41.58
1/16/2014 16:00:00,41.53
1/17/2014 16:00:00,41.36
1/21/2014 16:00:00,40.83
1/22/2014 16:00:00,41.08
1/23/2014 16:00:00,40.65
1/24/2014 16:00:00,39.15
1/27/2014 16:00:00,39.37
1/28/2014 16:00:00,40.59
1/29/2014 16:00:00,39.54
1/30/2014 16:00:00,40.04
1/31/2014 16:00:00,39.19
2/3/2014 16:00:00,38.75
2/4/2014 16:00:00,39.05
2/5/2014 16:00:00,38.62
2/6/2014 16:00:00,40.13
2/7/2014 16:00:00,39.91
2/10/2014 16:00:00,40.31
2/11/2014 16:00:00,40.28
2/12/2014 16:00:00,40.4
2/13/2014 16:00:00,40.24
2/14/2014 16:00:00,40.76
2/18/2014 16:00:00,39.76
2/19/2014 16:00:00,39.18
2/20/2014 16:00:00,39.11
2/21/2014 16:00:00,39.42
2/24/2014 16:00:00,39.69
2/25/2014 16:00:00,40.08
2/26/2014 16:00:00,40.22
2/27/2014 16:00:00,40.45
2/28/2014 16:00:00,39.66
3/3/2014 16:00:00,38.52
3/4/2014 16:00:00,39.62
3/5/2014 16:00:00,39.28
3/6/2014 16:00:00,39.19
3/7/2014 16:00:00,39.5
3/10/2014 16:00:00,39.01
3/11/2014 16:00:00,38.75
3/12/2014 16:00:00,39.3
3/13/2014 16:00:00,38.51
3/14/2014 16:00:00,38.42
3/17/2014 16:00:00,38.82
3/18/2014 16:00:00,39.61
3/19/2014 16:00:00,39.37
3/20/2014 16:00:00,39.99
3/21/2014 16:00:00,39.98
3/24/2014 16:00:00,40
3/25/2014 16:00:00,38.02
3/26/2014 16:00:00,37.64
3/27/2014 16:00:00,37.32
3/28/2014 16:00:00,37.24
3/31/2014 16:00:00,37.86
4/1/2014 16:00:00,38.4
4/2/2014 16:00:00,38.04
4/3/2014 16:00:00,38.46
4/4/2014 16:00:00,37.9
4/7/2014 16:00:00,37.68
4/8/2014 16:00:00,38
4/9/2014 16:00:00,38.08
4/10/2014 16:00:00,37.42
4/11/2014 16:00:00,37.03
4/14/2014 16:00:00,36.48
4/15/2014 16:00:00,36.22
4/16/2014 16:00:00,36.54
4/17/2014 16:00:00,37.32
4/21/2014 16:00:00,37.23
4/22/2014 16:00:00,37.37
4/23/2014 16:00:00,37.42
4/24/2014 16:00:00,38.17
4/25/2014 16:00:00,38.06
4/28/2014 16:00:00,38.62
4/29/2014 16:00:00,39.54
4/30/2014 16:00:00,39.31
5/1/2014 16:00:00,38.66
5/2/2014 16:00:00,38.81
5/5/2014 16:00:00,38.91
5/6/2014 16:00:00,39.05
5/7/2014 16:00:00,39.26
5/8/2014 16:00:00,39.18
5/9/2014 16:00:00,39.13
5/12/2014 16:00:00,39.75
5/13/2014 16:00:00,39.35
5/14/2014 16:00:00,38.97
5/15/2014 16:00:00,38.54
5/16/2014 16:00:00,38.24
5/19/2014 16:00:00,38.84
5/20/2014 16:00:00,39.18
5/21/2014 16:00:00,39.59
5/22/2014 16:00:00,39.72
5/23/2014 16:00:00,40.02
5/27/2014 16:00:00,39.65
5/28/2014 16:00:00,39.52
5/29/2014 16:00:00,39.74
5/30/2014 16:00:00,40.03
6/2/2014 16:00:00,40.02
6/3/2014 16:00:00,40.16
6/4/2014 16:00:00,40.09
6/5/2014 16:00:00,40.19
6/6/2014 16:00:00,40.25
6/9/2014 16:00:00,40.55
6/10/2014 16:00:00,40.18
6/11/2014 16:00:00,40.15
6/12/2014 16:00:00,39.08
6/13/2014 16:00:00,38.92
6/16/2014 16:00:00,38.42
6/17/2014 16:00:00,38.72
6/18/2014 16:00:00,38.62
6/19/2014 16:00:00,38.81
6/20/2014 16:00:00,39.11
6/23/2014 16:00:00,39.41
6/24/2014 16:00:00,38.23
6/25/2014 16:00:00,38.03
6/26/2014 16:00:00,37.99
6/27/2014 16:00:00,37.94
6/30/2014 16:00:00,37.65
7/1/2014 16:00:00,37.52
7/2/2014 16:00:00,37.56
7/3/2014 16:00:00,37.87
7/7/2014 16:00:00,37.65
7/8/2014 16:00:00,37.11
7/9/2014 16:00:00,36.97
7/10/2014 16:00:00,36.43
7/11/2014 16:00:00,36.8
7/14/2014 16:00:00,36.89
7/15/2014 16:00:00,36.61
7/16/2014 16:00:00,36.74
7/17/2014 16:00:00,36.05
7/18/2014 16:00:00,36.52
7/21/2014 16:00:00,36.25
7/22/2014 16:00:00,36.36
7/23/2014 16:00:00,36.5
7/24/2014 16:00:00,37.21
7/25/2014 16:00:00,36.68
7/28/2014 16:00:00,36.5
7/29/2014 16:00:00,36.33
7/30/2014 16:00:00,36.56
7/31/2014 16:00:00,36.22
8/1/2014 16:00:00,36.44
8/4/2014 16:00:00,36.31
8/5/2014 16:00:00,35.99
8/6/2014 16:00:00,36.24
8/7/2014 16:00:00,36.32
8/8/2014 16:00:00,36.45
8/11/2014 16:00:00,36.86
8/12/2014 16:00:00,36.95
8/13/2014 16:00:00,37.02
8/14/2014 16:00:00,37.49
8/15/2014 16:00:00,37.34
8/18/2014 16:00:00,37.86
8/19/2014 16:00:00,37.8
8/20/2014 16:00:00,37.74
8/21/2014 16:00:00,37.77
8/22/2014 16:00:00,37.91
8/25/2014 16:00:00,37.8
8/26/2014 16:00:00,38.01
8/27/2014 16:00:00,37.88
8/28/2014 16:00:00,37.27
8/29/2014 16:00:00,37.88
9/2/2014 16:00:00,37.95
9/3/2014 16:00:00,38.21
9/4/2014 16:00:00,39.09
9/5/2014 16:00:00,39.33
9/8/2014 16:00:00,39.12
9/9/2014 16:00:00,38.68
9/10/2014 16:00:00,38.87
9/11/2014 16:00:00,39.28
9/12/2014 16:00:00,39.18
9/15/2014 16:00:00,39.41
9/16/2014 16:00:00,39.5
9/17/2014 16:00:00,39.71
9/18/2014 16:00:00,40.11
9/19/2014 16:00:00,40.72
9/22/2014 16:00:00,40.34
9/23/2014 16:00:00,40.51
9/24/2014 16:00:00,41.12
9/25/2014 16:00:00,40.46
9/26/2014 16:00:00,40.87
9/29/2014 16:00:00,40.4
9/30/2014 16:00:00,40.17
10/1/2014 16:00:00,39.14
10/2/2014 16:00:00,38.58
10/3/2014 16:00:00,39.58
10/6/2014 16:00:00,39.5
10/7/2014 16:00:00,37.34
10/8/2014 16:00:00,37.67
10/9/2014 16:00:00,35.67
10/10/2014 16:00:00,35.51
10/13/2014 16:00:00,33.88
10/14/2014 16:00:00,34.64
10/15/2014 16:00:00,34.41
10/16/2014 16:00:00,34.69
10/17/2014 16:00:00,34.92
10/20/2014 16:00:00,35.92
10/21/2014 16:00:00,38
10/22/2014 16:00:00,37.76
10/23/2014 16:00:00,37.83
10/24/2014 16:00:00,38.52
10/27/2014 16:00:00,38.33
10/28/2014 16:00:00,39.09
10/29/2014 16:00:00,39.38
10/30/2014 16:00:00,40.07
10/31/2014 16:00:00,40.15
11/3/2014 16:00:00,40.07
11/4/2014 16:00:00,39.97
11/5/2014 16:00:00,39.99
11/6/2014 16:00:00,40.57
11/7/2014 16:00:00,40.4
11/10/2014 16:00:00,40.31
11/11/2014 16:00:00,40.63
11/12/2014 16:00:00,40.43
11/13/2014 16:00:00,40.9
11/14/2014 16:00:00,41.5
11/17/2014 16:00:00,41.51
11/18/2014 16:00:00,42.27
11/19/2014 16:00:00,41.59
11/20/2014 16:00:00,41.6
11/21/2014 16:00:00,41.57
11/24/2014 16:00:00,41.99
11/25/2014 16:00:00,42.26
11/26/2014 16:00:00,42.12
11/28/2014 16:00:00,44.16
12/1/2014 16:00:00,42.39
12/2/2014 16:00:00,42.84
12/3/2014 16:00:00,43.03
12/4/2014 16:00:00,43.58
12/5/2014 16:00:00,44.62
12/8/2014 16:00:00,44.07
12/9/2014 16:00:00,43.97
12/10/2014 16:00:00,43.3
12/11/2014 16:00:00,43.53
12/12/2014 16:00:00,42.95
12/15/2014 16:00:00,43.19
12/16/2014 16:00:00,43.12
12/17/2014 16:00:00,44.61
12/18/2014 16:00:00,44.5
12/19/2014 16:00:00,44.79
12/22/2014 16:00:00,44.86
12/23/2014 16:00:00,45.3
12/24/2014 16:00:00,45.39
12/26/2014 16:00:00,45.78
12/29/2014 16:00:00,45.95
12/30/2014 16:00:00,45.48
12/31/2014 16:00:00,45.33
1/2/2015 16:00:00,45.61
1/5/2015 16:00:00,45.39
1/6/2015 16:00:00,45.83
1/7/2015 16:00:00,46
1/8/2015 16:00:00,46.68
1/9/2015 16:00:00,46.3
1/12/2015 16:00:00,46.29
1/13/2015 16:00:00,45.96
1/14/2015 16:00:00,45.48
1/15/2015 16:00:00,45.17
1/16/2015 16:00:00,45.46
1/20/2015 16:00:00,45.38
1/21/2015 16:00:00,45.63
1/22/2015 16:00:00,46.25
1/23/2015 16:00:00,46.38
1/26/2015 16:00:00,46.76
1/27/2015 16:00:00,46.12
1/28/2015 16:00:00,45.16
1/29/2015 16:00:00,44.88
1/30/2015 16:00:00,43.96
2/2/2015 16:00:00,43.51
2/3/2015 16:00:00,43.69
2/4/2015 16:00:00,43.46
2/5/2015 16:00:00,43.7
2/6/2015 16:00:00,43.33
2/9/2015 16:00:00,42.65
2/10/2015 16:00:00,43.55
2/11/2015 16:00:00,44.07
2/12/2015 16:00:00,44.37
2/13/2015 16:00:00,43.48
2/17/2015 16:00:00,43.29
2/18/2015 16:00:00,43.87
2/19/2015 16:00:00,43.7
2/20/2015 16:00:00,43.27
2/23/2015 16:00:00,43.52
2/24/2015 16:00:00,43.59
2/25/2015 16:00:00,43.89
2/26/2015 16:00:00,43.77
2/27/2015 16:00:00,43.99
3/2/2015 16:00:00,45.19
3/3/2015 16:00:00,44.69
3/4/2015 16:00:00,44.59
3/5/2015 16:00:00,45.47
3/6/2015 16:00:00,44.4
3/9/2015 16:00:00,44.99
3/10/2015 16:00:00,44.07
3/11/2015 16:00:00,43.84
3/12/2015 16:00:00,45.29
3/13/2015 16:00:00,45.33
3/16/2015 16:00:00,46.3
3/17/2015 16:00:00,45.67
3/18/2015 16:00:00,46.72
3/19/2015 16:00:00,46.68
3/20/2015 16:00:00,46.88
3/23/2015 16:00:00,46.06
3/24/2015 16:00:00,45.39
3/25/2015 16:00:00,44.4
3/26/2015 16:00:00,44.42
3/27/2015 16:00:00,47.12
3/30/2015 16:00:00,47.72
3/31/2015 16:00:00,47.84
4/1/2015 16:00:00,47.48
4/2/2015 16:00:00,47.97
4/6/2015 16:00:00,47.76
4/7/2015 16:00:00,48.71
4/8/2015 16:00:00,48.61
4/9/2015 16:00:00,48.51
4/10/2015 16:00:00,48.33
4/13/2015 16:00:00,47.83
4/14/2015 16:00:00,47.49
4/15/2015 16:00:00,47.01
4/16/2015 16:00:00,47.27
4/17/2015 16:00:00,47.01
4/20/2015 16:00:00,46.49
4/21/2015 16:00:00,46.59
4/22/2015 16:00:00,46.62
4/23/2015 16:00:00,46.29
4/24/2015 16:00:00,46.38
4/27/2015 16:00:00,45.82
4/28/2015 16:00:00,45.42
4/29/2015 16:00:00,44.4
4/30/2015 16:00:00,43.97
5/1/2015 16:00:00,44.53
5/4/2015 16:00:00,44.33
5/5/2015 16:00:00,43.4
5/6/2015 16:00:00,43.45
5/7/2015 16:00:00,44.48
5/8/2015 16:00:00,46.16
5/11/2015 16:00:00,46.23
5/12/2015 16:00:00,45.8
5/13/2015 16:00:00,45.77
5/14/2015 16:00:00,47.37
5/15/2015 16:00:00,47.9
5/18/2015 16:00:00,47.91
5/19/2015 16:00:00,48.36
5/20/2015 16:00:00,47.52
5/21/2015 16:00:00,47.4
5/22/2015 16:00:00,47.35
5/26/2015 16:00:00,46.95
5/27/2015 16:00:00,47.59
5/28/2015 16:00:00,47.15
5/29/2015 16:00:00,46.33
6/1/2015 16:00:00,46.78
6/2/2015 16:00:00,47.03
6/3/2015 16:00:00,47.82
6/4/2015 16:00:00,47.39
6/5/2015 16:00:00,47.25
6/8/2015 16:00:00,47.02
6/9/2015 16:00:00,47.2
6/10/2015 16:00:00,47
6/11/2015 16:00:00,47.83
6/12/2015 16:00:00,47.42
6/15/2015 16:00:00,47.23
6/16/2015 16:00:00,47.45
6/17/2015 16:00:00,47.58
6/18/2015 16:00:00,48.62
6/19/2015 16:00:00,48.92
6/22/2015 16:00:00,49.92
6/23/2015 16:00:00,49.48
6/24/2015 16:00:00,49.84
6/25/2015 16:00:00,50.04
6/26/2015 16:00:00,50.6
6/29/2015 16:00:00,48.95
6/30/2015 16:00:00,49.39
7/1/2015 16:00:00,49.63
7/2/2015 16:00:00,49.86
7/6/2015 16:00:00,49.36
7/7/2015 16:00:00,50.2
7/8/2015 16:00:00,48.93
7/9/2015 16:00:00,49.2
7/10/2015 16:00:00,50.58
7/13/2015 16:00:00,51.83
7/14/2015 16:00:00,52.2
7/15/2015 16:00:00,51.84
7/16/2015 16:00:00,52.21
7/17/2015 16:00:00,52.1
7/20/2015 16:00:00,52.15
7/21/2015 16:00:00,51.96
7/22/2015 16:00:00,52.37
7/23/2015 16:00:00,51.81
7/24/2015 16:00:00,51.12
7/27/2015 16:00:00,50.85
7/28/2015 16:00:00,51.34
7/29/2015 16:00:00,52.1
7/30/2015 16:00:00,51.88
7/31/2015 16:00:00,53.29
8/3/2015 16:00:00,52.22
8/4/2015 16:00:00,51.87
8/5/2015 16:00:00,52.63
8/6/2015 16:00:00,52.09
8/7/2015 16:00:00,52.13
8/10/2015 16:00:00,52.42
8/11/2015 16:00:00,52.19
8/12/2015 16:00:00,51.16
8/13/2015 16:00:00,52.11
8/14/2015 16:00:00,52.44
8/17/2015 16:00:00,52.89
8/18/2015 16:00:00,52.8
8/19/2015 16:00:00,52.3
8/20/2015 16:00:00,49.93
8/21/2015 16:00:00,48.38
8/24/2015 16:00:00,46.48
8/25/2015 16:00:00,47.34
8/26/2015 16:00:00,48.85
8/27/2015 16:00:00,49.74
8/28/2015 16:00:00,49.5
8/31/2015 16:00:00,49.23
9/1/2015 16:00:00,47.78
9/2/2015 16:00:00,49.44
9/3/2015 16:00:00,49.4
9/4/2015 16:00:00,48.93
9/8/2015 16:00:00,50.68
9/9/2015 16:00:00,50.53
9/10/2015 16:00:00,50.72
9/11/2015 16:00:00,51.38
9/14/2015 16:00:00,51.38
9/15/2015 16:00:00,51.94
9/16/2015 16:00:00,52.87
9/17/2015 16:00:00,52.74
9/18/2015 16:00:00,52.07
9/21/2015 16:00:00,52.68
9/22/2015 16:00:00,49.79
9/23/2015 16:00:00,51.5
9/24/2015 16:00:00,50.88
9/25/2015 16:00:00,50.7
9/28/2015 16:00:00,48.64
9/29/2015 16:00:00,48.23
9/30/2015 16:00:00,49.7
10/1/2015 16:00:00,49.51
10/2/2015 16:00:00,49.76
10/5/2015 16:00:00,50.38
10/6/2015 16:00:00,49.16
10/7/2015 16:00:00,49.25
10/8/2015 16:00:00,49.62
10/9/2015 16:00:00,49.36
10/12/2015 16:00:00,50.36
10/13/2015 16:00:00,49.87
10/14/2015 16:00:00,48.36
10/15/2015 16:00:00,50.61
10/16/2015 16:00:00,51.1
10/19/2015 16:00:00,51.86
10/20/2015 16:00:00,51.67
10/21/2015 16:00:00,51.46
10/22/2015 16:00:00,52.38
10/23/2015 16:00:00,53.58
10/26/2015 16:00:00,53.51
10/27/2015 16:00:00,53.84
10/28/2015 16:00:00,53.29
10/29/2015 16:00:00,54.08
10/30/2015 16:00:00,54.08
11/2/2015 16:00:00,53.55
11/3/2015 16:00:00,52.98
11/4/2015 16:00:00,52.8
11/5/2015 16:00:00,52.9
11/6/2015 16:00:00,53.36
11/9/2015 16:00:00,52.57
11/10/2015 16:00:00,53.13
11/11/2015 16:00:00,52.83
11/12/2015 16:00:00,52.17
11/13/2015 16:00:00,51.56
11/16/2015 16:00:00,50.77
11/17/2015 16:00:00,50.23
11/18/2015 16:00:00,50.29
11/19/2015 16:00:00,51.54
11/20/2015 16:00:00,51.58
11/23/2015 16:00:00,51.39
11/24/2015 16:00:00,50.39
11/25/2015 16:00:00,50.99
11/27/2015 16:00:00,50.84
11/30/2015 16:00:00,50.53
12/1/2015 16:00:00,51.46
12/2/2015 16:00:00,51.18
12/3/2015 16:00:00,49.31
12/4/2015 16:00:00,50.69
12/7/2015 16:00:00,50.67
12/8/2015 16:00:00,50.16
12/9/2015 16:00:00,50.31
12/10/2015 16:00:00,50.96
12/11/2015 16:00:00,50.69
12/14/2015 16:00:00,50.79
12/15/2015 16:00:00,52.16
12/16/2015 16:00:00,52.2
12/17/2015 16:00:00,50.46
12/18/2015 16:00:00,52.41
12/21/2015 16:00:00,53.94
12/22/2015 16:00:00,54.27
12/23/2015 16:00:00,54.08
12/24/2015 16:00:00,54.12
12/28/2015 16:00:00,54.19
12/29/2015 16:00:00,55.14
12/30/2015 16:00:00,55.04
12/31/2015 16:00:00,54.48
1/4/2016 16:00:00,54.2
1/5/2016 16:00:00,53.68
1/6/2016 16:00:00,53.52
1/7/2016 16:00:00,52.39
1/8/2016 16:00:00,52.05
1/11/2016 16:00:00,53.94
1/12/2016 16:00:00,54.68
1/13/2016 16:00:00,52.38
1/14/2016 16:00:00,51.94
1/15/2016 16:00:00,49.83
1/19/2016 16:00:00,49.07
1/20/2016 16:00:00,48.31
1/21/2016 16:00:00,49.57
1/22/2016 16:00:00,49.57
1/25/2016 16:00:00,48.8
1/26/2016 16:00:00,49.82
1/27/2016 16:00:00,48.05
1/28/2016 16:00:00,46.86
1/29/2016 16:00:00,48.13
2/1/2016 16:00:00,48.97
2/2/2016 16:00:00,45.08
2/3/2016 16:00:00,45.39
2/4/2016 16:00:00,45.51
2/5/2016 16:00:00,43.04
2/8/2016 16:00:00,41.92
2/9/2016 16:00:00,42.97
2/10/2016 16:00:00,43.41
2/11/2016 16:00:00,43.19
2/12/2016 16:00:00,44.06
2/16/2016 16:00:00,45.02
2/17/2016 16:00:00,45.92
2/18/2016 16:00:00,45.34
2/19/2016 16:00:00,46.39
2/22/2016 16:00:00,47.73
2/23/2016 16:00:00,48.1
2/24/2016 16:00:00,48.03
2/25/2016 16:00:00,48.51
2/26/2016 16:00:00,48.34
2/29/2016 16:00:00,47.96
3/1/2016 16:00:00,48.96
3/2/2016 16:00:00,48.16
3/3/2016 16:00:00,48.05
3/4/2016 16:00:00,47.97
3/7/2016 16:00:00,47.05
3/8/2016 16:00:00,46.36
3/9/2016 16:00:00,46.47
3/10/2016 16:00:00,46.3
3/11/2016 16:00:00,47.91
3/14/2016 16:00:00,48.12
3/15/2016 16:00:00,47.91
3/16/2016 16:00:00,48.83
3/17/2016 16:00:00,48.97
3/18/2016 16:00:00,49.63
3/21/2016 16:00:00,49.78
3/22/2016 16:00:00,48.75
3/23/2016 16:00:00,48.06
3/24/2016 16:00:00,48.92
3/28/2016 16:00:00,49.02
3/29/2016 16:00:00,49.64
3/30/2016 16:00:00,52.37
3/31/2016 16:00:00,52.77
4/1/2016 16:00:00,52.75
4/4/2016 16:00:00,53.03
4/5/2016 16:00:00,51.5
4/6/2016 16:00:00,51.99
4/7/2016 16:00:00,51.18
4/8/2016 16:00:00,51.14
4/11/2016 16:00:00,50.8
4/12/2016 16:00:00,51.23
4/13/2016 16:00:00,51.68
4/14/2016 16:00:00,51.57
4/15/2016 16:00:00,51.02
4/18/2016 16:00:00,50.84
4/19/2016 16:00:00,50.6
4/20/2016 16:00:00,50.04
4/21/2016 16:00:00,49.18
4/22/2016 16:00:00,48.51
4/25/2016 16:00:00,49.24
4/26/2016 16:00:00,49.13
4/27/2016 16:00:00,49.49
4/28/2016 16:00:00,48.71
4/29/2016 16:00:00,49.05
5/2/2016 16:00:00,49.53
5/3/2016 16:00:00,49.49
5/4/2016 16:00:00,49.16
5/5/2016 16:00:00,48.39
5/6/2016 16:00:00,49.22
5/9/2016 16:00:00,49.74
5/10/2016 16:00:00,50.39
5/11/2016 16:00:00,50.28
5/12/2016 16:00:00,51.05
5/13/2016 16:00:00,49.6
5/16/2016 16:00:00,49.99
5/17/2016 16:00:00,49.93
5/18/2016 16:00:00,50.33
5/19/2016 16:00:00,49.55
5/20/2016 16:00:00,50.03
5/23/2016 16:00:00,49.91
5/24/2016 16:00:00,50.83
5/25/2016 16:00:00,49.63
5/26/2016 16:00:00,47.59
5/27/2016 16:00:00,48.6
5/31/2016 16:00:00,47.74
6/1/2016 16:00:00,48.05
6/2/2016 16:00:00,48.33
6/3/2016 16:00:00,47.75
6/6/2016 16:00:00,47.07
6/7/2016 16:00:00,47.5
6/8/2016 16:00:00,47.68
6/9/2016 16:00:00,48.03
6/10/2016 16:00:00,47.15
6/13/2016 16:00:00,46.64
6/14/2016 16:00:00,46.52
6/15/2016 16:00:00,47.26
6/16/2016 16:00:00,47.47
6/17/2016 16:00:00,47.81
6/20/2016 16:00:00,48.5
6/21/2016 16:00:00,48.65
6/22/2016 16:00:00,48.86
6/23/2016 16:00:00,49.36
6/24/2016 16:00:00,45.65
6/27/2016 16:00:00,43.64
6/28/2016 16:00:00,43.73
6/29/2016 16:00:00,44.47
6/30/2016 16:00:00,44.2
7/1/2016 16:00:00,44.86
7/5/2016 16:00:00,43.75
7/6/2016 16:00:00,43.18
7/7/2016 16:00:00,43.82
7/8/2016 16:00:00,44.52
7/11/2016 16:00:00,45.63
7/12/2016 16:00:00,46.71
7/13/2016 16:00:00,46.65
7/14/2016 16:00:00,46.32
7/15/2016 16:00:00,45.32
7/18/2016 16:00:00,45.62
7/19/2016 16:00:00,45.13
7/20/2016 16:00:00,46.02
7/21/2016 16:00:00,45.32
7/22/2016 16:00:00,45.94
7/25/2016 16:00:00,46.31
7/26/2016 16:00:00,46.17
7/27/2016 16:00:00,46.32
7/28/2016 16:00:00,46.5
7/29/2016 16:00:00,46.72
8/1/2016 16:00:00,46.71
8/2/2016 16:00:00,45.26
8/3/2016 16:00:00,45.63
8/4/2016 16:00:00,46.16
8/5/2016 16:00:00,47.05
8/8/2016 16:00:00,46.48
8/9/2016 16:00:00,45.05
8/10/2016 16:00:00,45.44
8/11/2016 16:00:00,45.92
8/12/2016 16:00:00,46.04
8/15/2016 16:00:00,46.15
8/16/2016 16:00:00,46.58
8/17/2016 16:00:00,46.99
8/18/2016 16:00:00,46.77
8/19/2016 16:00:00,46.63
8/22/2016 16:00:00,46.91
8/23/2016 16:00:00,47.79
8/24/2016 16:00:00,47.29
8/25/2016 16:00:00,47.19
8/26/2016 16:00:00,47.1
8/29/2016 16:00:00,47.18
8/30/2016 16:00:00,47.41
8/31/2016 16:00:00,47.8
9/1/2016 16:00:00,48.7
9/2/2016 16:00:00,46.39
9/6/2016 16:00:00,45.87
9/7/2016 16:00:00,45.3
9/8/2016 16:00:00,44.86
9/9/2016 16:00:00,44.37
9/12/2016 16:00:00,45.22
9/13/2016 16:00:00,45.63
9/14/2016 16:00:00,46.23
9/15/2016 16:00:00,46.47
9/16/2016 16:00:00,46.25
9/19/2016 16:00:00,45.9
9/20/2016 16:00:00,46.19
9/21/2016 16:00:00,45.82
9/22/2016 16:00:00,46.84
9/23/2016 16:00:00,47.26
9/26/2016 16:00:00,46.47
9/27/2016 16:00:00,48.35
9/28/2016 16:00:00,48.78
9/29/2016 16:00:00,48.26
9/30/2016 16:00:00,48.82
10/3/2016 16:00:00,49.13
10/4/2016 16:00:00,49.19
10/5/2016 16:00:00,48.77
10/6/2016 16:00:00,48.83
10/7/2016 16:00:00,47.75
10/10/2016 16:00:00,47.51
10/11/2016 16:00:00,46.85
10/12/2016 16:00:00,46.7
10/13/2016 16:00:00,46.79
10/14/2016 16:00:00,46.15
10/17/2016 16:00:00,46.11
10/18/2016 16:00:00,46.52
10/19/2016 16:00:00,46.62
10/20/2016 16:00:00,47.2
10/21/2016 16:00:00,46.71
10/24/2016 16:00:00,47
10/25/2016 16:00:00,46.92
10/26/2016 16:00:00,47.15
10/27/2016 16:00:00,46.53
10/28/2016 16:00:00,48.45
10/31/2016 16:00:00,49.1
11/1/2016 16:00:00,48.42
11/2/2016 16:00:00,48.27
11/3/2016 16:00:00,48.32
11/4/2016 16:00:00,48.04
11/7/2016 16:00:00,48.99
11/8/2016 16:00:00,49.82
11/9/2016 16:00:00,49.36
11/10/2016 16:00:00,49.92
11/11/2016 16:00:00,49.82
11/14/2016 16:00:00,50.78
11/15/2016 16:00:00,50.97
11/16/2016 16:00:00,50.94
11/17/2016 16:00:00,51.5
11/18/2016 16:00:00,51.5
11/21/2016 16:00:00,51.26
11/22/2016 16:00:00,51.77
11/23/2016 16:00:00,52.3
11/25/2016 16:00:00,52.55
11/28/2016 16:00:00,52.06
11/29/2016 16:00:00,53.22
11/30/2016 16:00:00,51.41
12/1/2016 16:00:00,49.88
12/2/2016 16:00:00,50.4
12/5/2016 16:00:00,51.63
12/6/2016 16:00:00,52.58
12/7/2016 16:00:00,53.16
12/8/2016 16:00:00,52.92
12/9/2016 16:00:00,53.34
12/12/2016 16:00:00,52.13
12/13/2016 16:00:00,52.15
12/14/2016 16:00:00,52.41
12/15/2016 16:00:00,52.96
12/16/2016 16:00:00,51.5
12/19/2016 16:00:00,51.32
12/20/2016 16:00:00,52.49
12/21/2016 16:00:00,53.09
12/22/2016 16:00:00,52.41
12/23/2016 16:00:00,53.03
12/27/2016 16:00:00,52.64
12/28/2016 16:00:00,52.19
12/29/2016 16:00:00,51.99
12/30/2016 16:00:00,52.06
1/3/2017 16:00:00,52.14
1/4/2017 16:00:00,52.82
1/5/2017 16:00:00,53.71
1/6/2017 16:00:00,53.65
1/9/2017 16:00:00,53.69
1/10/2017 16:00:00,54.25
1/11/2017 16:00:00,54.56
1/12/2017 16:00:00,53.64
1/13/2017 16:00:00,53.46
1/17/2017 16:00:00,53.09
1/18/2017 16:00:00,53.6
1/19/2017 16:00:00,53.45
1/20/2017 16:00:00,53.3
1/23/2017 16:00:00,53.77
1/24/2017 16:00:00,54.53
1/25/2017 16:00:00,55.83
1/26/2017 16:00:00,56.93
1/27/2017 16:00:00,56.29
1/30/2017 16:00:00,55.64
1/31/2017 16:00:00,55.38
2/1/2017 16:00:00,55.47
2/2/2017 16:00:00,55.31
2/3/2017 16:00:00,55.28
2/6/2017 16:00:00,55.5
2/7/2017 16:00:00,55.45
2/8/2017 16:00:00,55.59
2/9/2017 16:00:00,56.31
2/10/2017 16:00:00,56.25
2/13/2017 16:00:00,56.46
2/14/2017 16:00:00,56.37
2/15/2017 16:00:00,56.48
2/16/2017 16:00:00,56.03
2/17/2017 16:00:00,55.4
2/21/2017 16:00:00,55.89
2/22/2017 16:00:00,55.5
2/23/2017 16:00:00,55.92
2/24/2017 16:00:00,56.03
2/27/2017 16:00:00,56.05
2/28/2017 16:00:00,55.95
3/1/2017 16:00:00,56.5
3/2/2017 16:00:00,56.57
3/3/2017 16:00:00,55.72
3/6/2017 16:00:00,55.74
3/7/2017 16:00:00,55.53
3/8/2017 16:00:00,55.53
3/9/2017 16:00:00,56.2
3/10/2017 16:00:00,57.21
3/13/2017 16:00:00,57.11
3/14/2017 16:00:00,56.99
3/15/2017 16:00:00,57.37
3/16/2017 16:00:00,57.54
3/17/2017 16:00:00,57.64
3/20/2017 16:00:00,57.76
3/21/2017 16:00:00,57.79
3/22/2017 16:00:00,58.29
3/23/2017 16:00:00,58.52
3/24/2017 16:00:00,58.6
3/27/2017 16:00:00,58.87
3/28/2017 16:00:00,59.26
3/29/2017 16:00:00,58.96
3/30/2017 16:00:00,59.29
3/31/2017 16:00:00,58.91
4/3/2017 16:00:00,58.72
4/4/2017 16:00:00,58.64
4/5/2017 16:00:00,58.8
4/6/2017 16:00:00,59.06
4/7/2017 16:00:00,58.61
4/10/2017 16:00:00,58.44
4/11/2017 16:00:00,57.78
4/12/2017 16:00:00,57.73
4/13/2017 16:00:00,57.47
4/17/2017 16:00:00,58.46
4/18/2017 16:00:00,58.37
4/19/2017 16:00:00,58.68
4/20/2017 16:00:00,59.21
4/21/2017 16:00:00,58.96
4/24/2017 16:00:00,59.62
4/25/2017 16:00:00,60.03
4/26/2017 16:00:00,60.55
4/27/2017 16:00:00,60.98
4/28/2017 16:00:00,61.77
5/1/2017 16:00:00,62.55
5/2/2017 16:00:00,62.7
5/3/2017 16:00:00,62.64
5/4/2017 16:00:00,62.97
5/5/2017 16:00:00,63.02
5/8/2017 16:00:00,62.73
5/9/2017 16:00:00,63.22
5/10/2017 16:00:00,62.14
5/11/2017 16:00:00,61.99
5/12/2017 16:00:00,61.19
5/15/2017 16:00:00,60.91
5/16/2017 16:00:00,61.2
5/17/2017 16:00:00,59.75
5/18/2017 16:00:00,61.04
5/19/2017 16:00:00,61.5
5/22/2017 16:00:00,62.05
5/23/2017 16:00:00,61.92
5/24/2017 16:00:00,62.02
5/25/2017 16:00:00,62.77
5/26/2017 16:00:00,63.36
5/30/2017 16:00:00,63.74
5/31/2017 16:00:00,64.07
6/1/2017 16:00:00,65.4
6/2/2017 16:00:00,65.47
6/5/2017 16:00:00,65.06
6/6/2017 16:00:00,64.33
6/7/2017 16:00:00,64.3
6/8/2017 16:00:00,64.33
6/9/2017 16:00:00,63.34
6/12/2017 16:00:00,63.59
6/13/2017 16:00:00,64.06
6/14/2017 16:00:00,64.76
6/15/2017 16:00:00,65.5
6/16/2017 16:00:00,65.64
6/19/2017 16:00:00,66.32
6/20/2017 16:00:00,65.7
6/21/2017 16:00:00,66.43
6/22/2017 16:00:00,65.69
6/23/2017 16:00:00,66.45
6/26/2017 16:00:00,66
6/27/2017 16:00:00,65.05
6/28/2017 16:00:00,66.1
6/29/2017 16:00:00,65.15
6/30/2017 16:00:00,65.57
7/3/2017 16:00:00,65.25
7/5/2017 16:00:00,66.54
7/6/2017 16:00:00,65.48
7/7/2017 16:00:00,65.83
7/10/2017 16:00:00,65.84
7/11/2017 16:00:00,65.75
7/12/2017 16:00:00,65.97
7/13/2017 16:00:00,66.17
7/14/2017 16:00:00,65.75
7/17/2017 16:00:00,67.02
7/18/2017 16:00:00,66.75
7/19/2017 16:00:00,66.77
7/20/2017 16:00:00,67.58
7/21/2017 16:00:00,67
7/24/2017 16:00:00,66.99
7/25/2017 16:00:00,67.15
7/26/2017 16:00:00,66.7
7/27/2017 16:00:00,66.34
7/28/2017 16:00:00,66.4
7/31/2017 16:00:00,66.78
8/1/2017 16:00:00,67.48
8/2/2017 16:00:00,67.5
8/3/2017 16:00:00,67.42
8/4/2017 16:00:00,67.81
8/7/2017 16:00:00,68
8/8/2017 16:00:00,68.03
8/9/2017 16:00:00,68.16
8/10/2017 16:00:00,67.38
8/11/2017 16:00:00,67.48
8/14/2017 16:00:00,68.03
8/15/2017 16:00:00,68.71
8/16/2017 16:00:00,68.87
8/17/2017 16:00:00,67.51
8/18/2017 16:00:00,67.46
8/21/2017 16:00:00,68.5
8/22/2017 16:00:00,68.29
8/23/2017 16:00:00,67.72
8/24/2017 16:00:00,68.18
8/25/2017 16:00:00,68.17
8/28/2017 16:00:00,68.55
8/29/2017 16:00:00,68.11
8/30/2017 16:00:00,68.54
8/31/2017 16:00:00,69.48
9/1/2017 16:00:00,69.13
9/5/2017 16:00:00,66.97
9/6/2017 16:00:00,66.96
9/7/2017 16:00:00,65.66
9/8/2017 16:00:00,65.57
9/11/2017 16:00:00,67.65
9/12/2017 16:00:00,68.18
9/13/2017 16:00:00,68.42
9/14/2017 16:00:00,68.74
9/15/2017 16:00:00,65.94
9/18/2017 16:00:00,65.19
9/19/2017 16:00:00,65.22
9/20/2017 16:00:00,64.48
9/21/2017 16:00:00,64.45
9/22/2017 16:00:00,64.33
9/25/2017 16:00:00,63.5
9/26/2017 16:00:00,65.32
9/27/2017 16:00:00,63.68
9/28/2017 16:00:00,64.37
9/29/2017 16:00:00,64.57
10/2/2017 16:00:00,64.43
10/3/2017 16:00:00,64.1
10/4/2017 16:00:00,65.19
10/5/2017 16:00:00,65.91
10/6/2017 16:00:00,65.63
10/9/2017 16:00:00,66.45
10/10/2017 16:00:00,67.08
10/11/2017 16:00:00,67.2
10/12/2017 16:00:00,66.86
10/13/2017 16:00:00,67.94
10/16/2017 16:00:00,68.24
10/17/2017 16:00:00,68.13
10/18/2017 16:00:00,67.46
10/19/2017 16:00:00,65.79
10/20/2017 16:00:00,65.88
10/23/2017 16:00:00,66.1
10/24/2017 16:00:00,66.42
10/25/2017 16:00:00,65.84
10/26/2017 16:00:00,66.6
10/27/2017 16:00:00,67.21
10/30/2017 16:00:00,66.02
10/31/2017 16:00:00,66.39
11/1/2017 16:00:00,64.57
11/2/2017 16:00:00,65.2
11/3/2017 16:00:00,65.43
11/6/2017 16:00:00,65.67
11/7/2017 16:00:00,66.38
11/8/2017 16:00:00,65.93
11/9/2017 16:00:00,66.18
11/10/2017 16:00:00,64.66
11/13/2017 16:00:00,65.98
11/14/2017 16:00:00,66.02
11/15/2017 16:00:00,65.78
11/16/2017 16:00:00,65.82
11/17/2017 16:00:00,66.22
11/20/2017 16:00:00,66.13
11/21/2017 16:00:00,67
11/22/2017 16:00:00,66.79
11/24/2017 13:00:00,66.71
11/27/2017 16:00:00,66.16
11/28/2017 16:00:00,66.51
11/29/2017 16:00:00,65.7
11/30/2017 16:00:00,65.64
12/1/2017 16:00:00,66
12/4/2017 16:00:00,67.25
12/5/2017 16:00:00,65.94
12/6/2017 16:00:00,66.06
12/7/2017 16:00:00,66.18
12/8/2017 16:00:00,66.91
12/11/2017 16:00:00,67.03
12/12/2017 16:00:00,66.55
12/13/2017 16:00:00,65.41
12/14/2017 16:00:00,65.18
12/15/2017 16:00:00,65.95
12/18/2017 16:00:00,66.6
12/19/2017 16:00:00,68.13
12/20/2017 16:00:00,67.7
12/21/2017 16:00:00,66.34
12/22/2017 16:00:00,66.35
12/26/2017 16:00:00,65.69
12/27/2017 16:00:00,66.76
12/28/2017 16:00:00,66.48
12/29/2017 16:00:00,66.37
1/2/2018 16:00:00,66.75
1/3/2018 16:00:00,66.9
1/4/2018 16:00:00,66.85
1/5/2018 16:00:00,66.3
1/8/2018 16:00:00,66.05
1/9/2018 16:00:00,67.63
1/10/2018 16:00:00,67.95
1/11/2018 16:00:00,68.8
1/12/2018 16:00:00,69.69
1/16/2018 16:00:00,68.52
1/17/2018 16:00:00,69.45
1/18/2018 16:00:00,69.02
1/19/2018 16:00:00,68.56
1/22/2018 16:00:00,68.86
1/23/2018 16:00:00,68.51
1/24/2018 16:00:00,71.17
1/25/2018 16:00:00,70.76
1/26/2018 16:00:00,71.65
1/29/2018 16:00:00,71.94
1/30/2018 16:00:00,71.79
1/31/2018 16:00:00,71.61
2/1/2018 16:00:00,71.11
2/2/2018 16:00:00,69.95
2/5/2018 16:00:00,68.04
2/6/2018 16:00:00,69.27
2/7/2018 16:00:00,69.12
2/8/2018 16:00:00,66.76
2/9/2018 16:00:00,67.07
2/12/2018 16:00:00,68.77
2/13/2018 16:00:00,68.75
2/14/2018 16:00:00,69.92
2/15/2018 16:00:00,69.6
2/16/2018 16:00:00,69.5
2/20/2018 16:00:00,69.45
2/21/2018 16:00:00,69.58
2/22/2018 16:00:00,68.2
2/23/2018 16:00:00,68.76
2/26/2018 16:00:00,68.64
2/27/2018 16:00:00,67.49
2/28/2018 16:00:00,66.91
3/1/2018 16:00:00,65.98
3/2/2018 16:00:00,64.97
3/5/2018 16:00:00,65.19
3/6/2018 16:00:00,66.15
3/7/2018 16:00:00,66.01
3/8/2018 16:00:00,66.73
3/9/2018 16:00:00,67.47
3/12/2018 16:00:00,67.36
3/13/2018 16:00:00,67.57
3/14/2018 16:00:00,66.96
3/15/2018 16:00:00,66.73
3/16/2018 16:00:00,66.91
3/19/2018 16:00:00,67.63
3/20/2018 16:00:00,67.85
3/21/2018 16:00:00,67.06
3/22/2018 16:00:00,66.2
3/23/2018 16:00:00,64.41
3/26/2018 16:00:00,65.8
3/27/2018 16:00:00,65.73
3/28/2018 16:00:00,64.64
3/29/2018 16:00:00,65.58
4/2/2018 16:00:00,64.62
4/3/2018 16:00:00,64.49
4/4/2018 16:00:00,64.98
4/5/2018 16:00:00,65.51
4/6/2018 16:00:00,64.51
4/9/2018 16:00:00,64.86
4/10/2018 16:00:00,63.1
4/11/2018 16:00:00,63.64
4/12/2018 16:00:00,63.75
4/13/2018 16:00:00,62.94
4/16/2018 16:00:00,64.08
4/17/2018 16:00:00,64.17
4/18/2018 16:00:00,65.27
4/19/2018 16:00:00,65.06
4/20/2018 16:00:00,65.88
4/23/2018 16:00:00,66.27
4/24/2018 16:00:00,65.54
4/25/2018 16:00:00,66.07
4/26/2018 16:00:00,64.31
4/27/2018 16:00:00,64.36
4/30/2018 16:00:00,63.06
5/1/2018 16:00:00,64.11
5/2/2018 16:00:00,62.85
5/3/2018 16:00:00,63.3
5/4/2018 16:00:00,63.57
5/7/2018 16:00:00,62.93
5/8/2018 16:00:00,63.15
5/9/2018 16:00:00,63.95
5/10/2018 16:00:00,64.06
5/11/2018 16:00:00,64.02
5/14/2018 16:00:00,64.82
5/15/2018 16:00:00,65.18
5/16/2018 16:00:00,65.46
5/17/2018 16:00:00,64.82
5/18/2018 16:00:00,64.84
5/21/2018 16:00:00,64.77
5/22/2018 16:00:00,65.05
5/23/2018 16:00:00,64.68
5/24/2018 16:00:00,64.15
5/25/2018 16:00:00,64.25
5/29/2018 16:00:00,62.55
5/30/2018 16:00:00,62.88
5/31/2018 16:00:00,62.28
6/1/2018 16:00:00,63.17
6/4/2018 16:00:00,63.34
6/5/2018 16:00:00,60.59
6/6/2018 16:00:00,61.45
6/7/2018 16:00:00,61.33
6/8/2018 16:00:00,60.94
6/11/2018 16:00:00,61.14
6/12/2018 16:00:00,62.17
6/13/2018 16:00:00,63.83
6/14/2018 16:00:00,64.2
6/15/2018 16:00:00,65.18
6/18/2018 16:00:00,64.45
6/19/2018 16:00:00,63.47
6/20/2018 16:00:00,63
6/21/2018 16:00:00,62.4
6/22/2018 16:00:00,63.53
6/25/2018 16:00:00,58.54
6/26/2018 16:00:00,59.76
6/27/2018 16:00:00,58.07
6/28/2018 16:00:00,57.16
6/29/2018 16:00:00,57.31
7/2/2018 16:00:00,57.15
7/3/2018 13:00:00,56.76
7/5/2018 16:00:00,56.89
7/6/2018 16:00:00,57.55
7/9/2018 16:00:00,57.94
7/10/2018 16:00:00,58.82
7/11/2018 16:00:00,57.99
7/12/2018 16:00:00,58.4
7/13/2018 16:00:00,58.05
7/16/2018 16:00:00,58.4
7/17/2018 16:00:00,58.59
7/18/2018 16:00:00,59.53
7/19/2018 16:00:00,58.86
7/20/2018 16:00:00,58.14
7/23/2018 16:00:00,58.15
7/24/2018 16:00:00,57.75
7/25/2018 16:00:00,57.77
7/26/2018 16:00:00,57.67
7/27/2018 16:00:00,58.22
7/30/2018 16:00:00,58.73
7/31/2018 16:00:00,59.24
8/1/2018 16:00:00,58.62
8/2/2018 16:00:00,58.85
8/3/2018 16:00:00,59.05
8/6/2018 16:00:00,58.41
8/7/2018 16:00:00,58.69
8/8/2018 16:00:00,58.6
8/9/2018 16:00:00,59.34
8/10/2018 16:00:00,59.6
8/13/2018 16:00:00,58.99
8/14/2018 16:00:00,59.32
8/15/2018 16:00:00,59.2
8/16/2018 16:00:00,59.83
8/17/2018 16:00:00,60.58
8/20/2018 16:00:00,60.75
8/21/2018 16:00:00,61.45
8/22/2018 16:00:00,61.87
8/23/2018 16:00:00,61
8/24/2018 16:00:00,61.23
8/27/2018 16:00:00,61.7
8/28/2018 16:00:00,61.74
8/29/2018 16:00:00,62.31
8/30/2018 16:00:00,61.58
8/31/2018 16:00:00,61.49
9/4/2018 16:00:00,61.2
9/5/2018 16:00:00,60.95
9/6/2018 16:00:00,61.74
9/7/2018 16:00:00,62.06
9/10/2018 16:00:00,61.99
9/11/2018 16:00:00,61.86
9/12/2018 16:00:00,62.53
9/13/2018 16:00:00,62.7
9/14/2018 16:00:00,63.95
9/17/2018 16:00:00,64.82
9/18/2018 16:00:00,65.67
9/19/2018 16:00:00,66.21
9/20/2018 16:00:00,66.94
9/21/2018 16:00:00,67.17
9/24/2018 16:00:00,66.81
9/25/2018 16:00:00,66.6
9/26/2018 16:00:00,66.98
9/27/2018 16:00:00,63.74
9/28/2018 16:00:00,63.77
10/1/2018 16:00:00,63.55
10/2/2018 16:00:00,63.12
10/3/2018 16:00:00,62.62
10/4/2018 16:00:00,61.69
10/5/2018 16:00:00,60.58
10/8/2018 16:00:00,61.09
10/9/2018 16:00:00,60.52
10/10/2018 16:00:00,59.06
10/11/2018 16:00:00,57.85
10/12/2018 16:00:00,58.24
10/15/2018 16:00:00,57.72
10/16/2018 16:00:00,59.09
10/17/2018 16:00:00,59
10/18/2018 16:00:00,57.54
10/19/2018 16:00:00,57.23
10/22/2018 16:00:00,56.48
10/23/2018 16:00:00,57.23
10/24/2018 16:00:00,54.75
10/25/2018 16:00:00,55.85
10/26/2018 16:00:00,54.27
10/29/2018 16:00:00,54.07
10/30/2018 16:00:00,54.14
10/31/2018 16:00:00,56.04
11/1/2018 16:00:00,57.75
11/2/2018 16:00:00,57.07
11/5/2018 16:00:00,56.86
11/6/2018 16:00:00,57.25
11/7/2018 16:00:00,58.67
11/8/2018 16:00:00,58.12
11/9/2018 16:00:00,58.54
11/12/2018 16:00:00,57.77
11/13/2018 16:00:00,58.9
11/14/2018 16:00:00,59.24
11/15/2018 16:00:00,59.85
11/16/2018 16:00:00,59.96
11/19/2018 16:00:00,59.05
11/20/2018 16:00:00,59.88
11/21/2018 16:00:00,60.04
11/23/2018 13:00:00,60.75
11/26/2018 16:00:00,61.4
11/27/2018 16:00:00,60.55
11/28/2018 16:00:00,61.94
11/29/2018 16:00:00,60.73
11/30/2018 16:00:00,60.29
12/3/2018 16:00:00,61.08
12/4/2018 16:00:00,58.3
12/6/2018 16:00:00,58.9
12/7/2018 16:00:00,56.73
12/10/2018 16:00:00,56.35
12/11/2018 16:00:00,56.07
12/12/2018 16:00:00,56.52
12/13/2018 16:00:00,56.59
12/14/2018 16:00:00,56.33
12/17/2018 16:00:00,56.34
12/18/2018 16:00:00,56.21
12/19/2018 16:00:00,55.01
12/20/2018 16:00:00,49.79
12/21/2018 16:00:00,47.86
12/24/2018 13:00:00,46.21
12/26/2018 16:00:00,47.5
12/27/2018 16:00:00,48.13
12/28/2018 16:00:00,48.68
12/31/2018 16:00:00,49.3
1/2/2019 16:00:00,49.85
1/3/2019 16:00:00,47.37
1/4/2019 16:00:00,50.05
1/7/2019 16:00:00,50.64
1/8/2019 16:00:00,51.9
1/9/2019 16:00:00,51.99
1/10/2019 16:00:00,52.29
1/11/2019 16:00:00,52.4
1/14/2019 16:00:00,52.2
1/15/2019 16:00:00,52.92
1/16/2019 16:00:00,52.73
1/17/2019 16:00:00,53.54
1/18/2019 16:00:00,54.88
1/22/2019 16:00:00,54.52
1/23/2019 16:00:00,54.27
1/24/2019 16:00:00,55.02
1/25/2019 16:00:00,55.51
1/28/2019 16:00:00,56.4
1/29/2019 16:00:00,56.26
1/30/2019 16:00:00,57.43
1/31/2019 16:00:00,57.58
2/1/2019 16:00:00,57.71
2/4/2019 16:00:00,58.18
2/5/2019 16:00:00,58.56
2/6/2019 16:00:00,58.31
2/7/2019 16:00:00,56.96
2/8/2019 16:00:00,56.63
2/11/2019 16:00:00,56.82
2/12/2019 16:00:00,56.57
2/13/2019 16:00:00,57.05
2/14/2019 16:00:00,57.1
2/15/2019 16:00:00,57.25
2/19/2019 16:00:00,58.3
2/20/2019 16:00:00,58.85
2/21/2019 16:00:00,58.27
2/22/2019 16:00:00,58.82
2/25/2019 16:00:00,58.57
2/26/2019 16:00:00,58.25
2/27/2019 16:00:00,57.68
2/28/2019 16:00:00,57.76
3/1/2019 16:00:00,57.84
3/4/2019 16:00:00,56.56
3/5/2019 16:00:00,57.11
3/6/2019 16:00:00,56.15
3/7/2019 16:00:00,55.38
3/8/2019 16:00:00,54.97
3/11/2019 16:00:00,55.43
3/12/2019 16:00:00,55.26
3/13/2019 16:00:00,56.09
3/14/2019 16:00:00,56.43
3/15/2019 16:00:00,56.61
3/18/2019 16:00:00,57.35
3/19/2019 16:00:00,57.12
3/20/2019 16:00:00,56.53
3/21/2019 16:00:00,57.26
3/22/2019 16:00:00,56.42
3/25/2019 16:00:00,56.65
3/26/2019 16:00:00,51.71
3/27/2019 16:00:00,50.66
3/28/2019 16:00:00,50.34
3/29/2019 16:00:00,50.72
4/1/2019 16:00:00,52.19
4/2/2019 16:00:00,52.37
4/3/2019 16:00:00,53.19
4/4/2019 16:00:00,53.1
4/5/2019 16:00:00,53.07
4/8/2019 16:00:00,52.51
4/9/2019 16:00:00,51.9
4/10/2019 16:00:00,52.27
4/11/2019 16:00:00,52.47
4/12/2019 16:00:00,53.57
4/15/2019 16:00:00,53.74
4/16/2019 16:00:00,54.8
4/17/2019 16:00:00,54.54
4/18/2019 16:00:00,53.63
4/22/2019 16:00:00,53.07